{
  "candidate_pool_upper_bounds": {
    "m4": {
      "available": true,
      "avg_candidate_pool_size": 100.0,
      "avg_unique_candidate_pool_size": 100.0,
      "evaluated_queries": 1100,
      "full_pool_completeness": 0.038181818181818185,
      "full_pool_recall": 0.09866666666666664,
      "observed_completeness@10": 0.015454545454545455,
      "observed_completeness@100": 0.038181818181818185,
      "observed_completeness@20": 0.02090909090909091,
      "observed_completeness@5": 0.011818181818181818,
      "observed_completeness@50": 0.031818181818181815,
      "observed_recall@10": 0.06754545454545455,
      "observed_recall@100": 0.09866666666666664,
      "observed_recall@20": 0.07518181818181817,
      "observed_recall@5": 0.058606060606060634,
      "observed_recall@50": 0.08896969696969691,
      "oracle_completeness@10": 0.038181818181818185,
      "oracle_completeness@100": 0.038181818181818185,
      "oracle_completeness@20": 0.038181818181818185,
      "oracle_completeness@5": 0.03727272727272727,
      "oracle_completeness@50": 0.038181818181818185,
      "oracle_recall@10": 0.09866666666666664,
      "oracle_recall@100": 0.09866666666666664,
      "oracle_recall@20": 0.09866666666666664,
      "oracle_recall@5": 0.09851515151515149,
      "oracle_recall@50": 0.09866666666666664,
      "prediction_path": "/root/autodl-tmp/runs/m4_query_to_code/predictions/capability/predictions.jsonl"
    },
    "m5": {
      "available": true,
      "avg_candidate_pool_size": 117.67272727272727,
      "avg_unique_candidate_pool_size": 117.67272727272727,
      "evaluated_queries": 1100,
      "full_pool_completeness": 0.02727272727272727,
      "full_pool_recall": 0.09110606060606055,
      "observed_completeness@10": 0.005454545454545455,
      "observed_completeness@100": 0.02727272727272727,
      "observed_completeness@20": 0.013636363636363636,
      "observed_completeness@5": 0.004545454545454545,
      "observed_completeness@50": 0.024545454545454544,
      "observed_recall@10": 0.0646060606060606,
      "observed_recall@100": 0.0900454545454545,
      "observed_recall@20": 0.07595454545454546,
      "observed_recall@5": 0.05703030303030308,
      "observed_recall@50": 0.08610606060606057,
      "oracle_completeness@10": 0.02727272727272727,
      "oracle_completeness@100": 0.02727272727272727,
      "oracle_completeness@20": 0.02727272727272727,
      "oracle_completeness@5": 0.02727272727272727,
      "oracle_completeness@50": 0.02727272727272727,
      "oracle_recall@10": 0.09110606060606055,
      "oracle_recall@100": 0.09110606060606055,
      "oracle_recall@20": 0.09110606060606055,
      "oracle_recall@5": 0.09110606060606055,
      "oracle_recall@50": 0.09110606060606055,
      "prediction_path": "/root/autodl-tmp/runs/m5_residual_selector/predictions/capability/predictions.jsonl"
    },
    "m7": {
      "available": true,
      "avg_candidate_pool_size": 98.21818181818182,
      "avg_unique_candidate_pool_size": 98.21818181818182,
      "evaluated_queries": 1100,
      "full_pool_completeness": 0.02727272727272727,
      "full_pool_recall": 0.08959090909090905,
      "observed_completeness@10": 0.0036363636363636364,
      "observed_completeness@100": 0.02727272727272727,
      "observed_completeness@20": 0.013636363636363636,
      "observed_completeness@5": 0.0009090909090909091,
      "observed_completeness@50": 0.026363636363636363,
      "observed_recall@10": 0.030212121212121208,
      "observed_recall@100": 0.08959090909090905,
      "observed_recall@20": 0.07065151515151513,
      "observed_recall@5": 0.015484848484848487,
      "observed_recall@50": 0.08542424242424237,
      "oracle_completeness@10": 0.02727272727272727,
      "oracle_completeness@100": 0.02727272727272727,
      "oracle_completeness@20": 0.02727272727272727,
      "oracle_completeness@5": 0.02727272727272727,
      "oracle_completeness@50": 0.02727272727272727,
      "oracle_recall@10": 0.08959090909090905,
      "oracle_recall@100": 0.08959090909090905,
      "oracle_recall@20": 0.08959090909090905,
      "oracle_recall@5": 0.08959090909090905,
      "oracle_recall@50": 0.08959090909090905,
      "prediction_path": "/root/autodl-tmp/runs/m7_reranker/predictions/capability/reranked_predictions.jsonl"
    },
    "m7_joint_joint_base": {
      "available": true,
      "avg_candidate_pool_size": 98.21818181818182,
      "avg_unique_candidate_pool_size": 98.21818181818182,
      "evaluated_queries": 1100,
      "full_pool_completeness": 0.02727272727272727,
      "full_pool_recall": 0.09034848484848482,
      "observed_completeness@10": 0.0036363636363636364,
      "observed_completeness@100": 0.02727272727272727,
      "observed_completeness@20": 0.013636363636363636,
      "observed_completeness@5": 0.0009090909090909091,
      "observed_completeness@50": 0.025454545454545455,
      "observed_recall@10": 0.03127272727272728,
      "observed_recall@100": 0.09034848484848482,
      "observed_recall@20": 0.06665151515151513,
      "observed_recall@5": 0.01893939393939394,
      "observed_recall@50": 0.08057575757575754,
      "oracle_completeness@10": 0.02727272727272727,
      "oracle_completeness@100": 0.02727272727272727,
      "oracle_completeness@20": 0.02727272727272727,
      "oracle_completeness@5": 0.02727272727272727,
      "oracle_completeness@50": 0.02727272727272727,
      "oracle_recall@10": 0.09034848484848482,
      "oracle_recall@100": 0.09034848484848482,
      "oracle_recall@20": 0.09034848484848482,
      "oracle_recall@5": 0.09034848484848482,
      "oracle_recall@50": 0.09034848484848482,
      "prediction_path": "/root/autodl-tmp/runs/m7_joint_reranker/predictions/capability/joint_base/reranked_predictions.jsonl"
    },
    "m7_joint_shared_encoder": {
      "available": true,
      "avg_candidate_pool_size": 98.21818181818182,
      "avg_unique_candidate_pool_size": 98.21818181818182,
      "evaluated_queries": 1100,
      "full_pool_completeness": 0.02727272727272727,
      "full_pool_recall": 0.09019696969696966,
      "observed_completeness@10": 0.006363636363636364,
      "observed_completeness@100": 0.02727272727272727,
      "observed_completeness@20": 0.014545454545454545,
      "observed_completeness@5": 0.0009090909090909091,
      "observed_completeness@50": 0.026363636363636363,
      "observed_recall@10": 0.03915151515151517,
      "observed_recall@100": 0.09019696969696966,
      "observed_recall@20": 0.06665151515151513,
      "observed_recall@5": 0.022227272727272724,
      "observed_recall@50": 0.07725757575757573,
      "oracle_completeness@10": 0.02727272727272727,
      "oracle_completeness@100": 0.02727272727272727,
      "oracle_completeness@20": 0.02727272727272727,
      "oracle_completeness@5": 0.02727272727272727,
      "oracle_completeness@50": 0.02727272727272727,
      "oracle_recall@10": 0.09019696969696966,
      "oracle_recall@100": 0.09019696969696966,
      "oracle_recall@20": 0.09019696969696966,
      "oracle_recall@5": 0.09019696969696966,
      "oracle_recall@50": 0.09019696969696966,
      "prediction_path": "/root/autodl-tmp/runs/m7_joint_reranker/predictions/capability/shared_encoder/reranked_predictions.jsonl"
    },
    "m7_joint_shared_encoder_soft_code": {
      "available": true,
      "avg_candidate_pool_size": 98.21818181818182,
      "avg_unique_candidate_pool_size": 98.21818181818182,
      "evaluated_queries": 1100,
      "full_pool_completeness": 0.02727272727272727,
      "full_pool_recall": 0.08883333333333328,
      "observed_completeness@10": 0.007272727272727273,
      "observed_completeness@100": 0.02727272727272727,
      "observed_completeness@20": 0.014545454545454545,
      "observed_completeness@5": 0.0027272727272727275,
      "observed_completeness@50": 0.026363636363636363,
      "observed_recall@10": 0.04634848484848487,
      "observed_recall@100": 0.08883333333333328,
      "observed_recall@20": 0.06453030303030302,