{
  "avg_tool_calls_per_trajectory": 0.0,
  "avg_unique_capabilities_per_query": 2.7411764705882353,
  "capability_count": 157502,
  "dataset": "skillrouter",
  "multi_capability_query_ratio": 0.7176470588235294,
  "query_count": 85,
  "unique_capabilities_ge_3_ratio": 0.49411764705882355,
  "unique_capabilities_ge_5_ratio": 0.16470588235294117
}