{
  "avg_candidate_pool_size": 100.0,
  "completeness@1": 0.0,
  "completeness@10": 0.015454545454545455,
  "completeness@100": 0.038181818181818185,
  "completeness@20": 0.02090909090909091,
  "completeness@5": 0.011818181818181818,
  "completeness@50": 0.031818181818181815,
  "evaluated_queries": 1100,
  "prediction_path": "runs/m4_query_to_code/predictions/capability/predictions.jsonl",
  "recall@1": 0.030515151515151513,
  "recall@10": 0.06754545454545455,
  "recall@100": 0.09866666666666664,
  "recall@20": 0.07518181818181817,
  "recall@5": 0.058606060606060634,
  "recall@50": 0.08896969696969691,
  "recall_under_same_candidate_budget@1": 0.030515151515151513,
  "recall_under_same_candidate_budget@10": 0.06754545454545455,
  "recall_under_same_candidate_budget@100": 0.09866666666666664,
  "recall_under_same_candidate_budget@20": 0.07518181818181817,
  "recall_under_same_candidate_budget@5": 0.058606060606060634,
  "recall_under_same_candidate_budget@50": 0.08896969696969691,
  "tool_set_recall@1": 0.030515151515151513,
  "tool_set_recall@10": 0.06754545454545455,
  "tool_set_recall@100": 0.09866666666666664,
  "tool_set_recall@20": 0.07518181818181817,
  "tool_set_recall@5": 0.058606060606060634,
  "tool_set_recall@50": 0.08896969696969691
}