{
  "completeness@10": 0.0036363636363636364,
  "completeness@100": 0.02727272727272727,
  "completeness@20": 0.013636363636363636,
  "completeness@5": 0.0009090909090909091,
  "completeness@50": 0.025454545454545455,
  "evaluated_queries": 1100,
  "first_tool_accuracy": 0.0,
  "kendall_tau": 0.0,
  "mrr@10": 0.023595238095238093,
  "mrr@100": 0.028861029636397327,
  "mrr@20": 0.028111818252579586,
  "mrr@5": 0.020469696969696968,
  "mrr@50": 0.028576931694076636,
  "ndcg@10": 0.019781816510879218,
  "ndcg@100": 0.0368052171127422,
  "ndcg@20": 0.031158813945495176,
  "ndcg@5": 0.01478235038303578,
  "ndcg@50": 0.03474427687602454,
  "prediction_path": "runs/m7_joint_reranker/predictions/capability/joint_base/reranked_predictions.jsonl",
  "recall@10": 0.03127272727272728,
  "recall@100": 0.09034848484848482,
  "recall@20": 0.06665151515151513,
  "recall@5": 0.01893939393939394,
  "recall@50": 0.08057575757575754,
  "sequence_evaluated_queries": 0,
  "tool_set_recall@10": 0.03127272727272728,
  "tool_set_recall@100": 0.09034848484848482,
  "tool_set_recall@20": 0.06665151515151513,
  "tool_set_recall@5": 0.01893939393939394,
  "tool_set_recall@50": 0.08057575757575754,
  "transition_accuracy": 0.0
}