{
  "completeness@10": 0.007272727272727273,
  "completeness@100": 0.02727272727272727,
  "completeness@20": 0.014545454545454545,
  "completeness@5": 0.0027272727272727275,
  "completeness@50": 0.026363636363636363,
  "evaluated_queries": 1100,
  "first_tool_accuracy": 0.0,
  "kendall_tau": 0.0,
  "mrr@10": 0.05099098124098126,
  "mrr@100": 0.05395421995359996,
  "mrr@20": 0.05299227016845933,
  "mrr@5": 0.04871212121212122,
  "mrr@50": 0.05370692064820493,
  "ndcg@10": 0.03698131930633177,
  "ndcg@100": 0.04868400544249825,
  "ndcg@20": 0.04285401775308082,
  "ndcg@5": 0.032569132209901715,
  "ndcg@50": 0.04684117036430933,
  "prediction_path": "runs/m7_joint_reranker/predictions/capability/shared_encoder_soft_code/reranked_predictions.jsonl",
  "recall@10": 0.04634848484848487,
  "recall@100": 0.08883333333333328,
  "recall@20": 0.06453030303030302,
  "recall@5": 0.035378787878787885,
  "recall@50": 0.08006060606060604,
  "sequence_evaluated_queries": 0,
  "tool_set_recall@10": 0.04634848484848487,
  "tool_set_recall@100": 0.08883333333333328,
  "tool_set_recall@20": 0.06453030303030302,
  "tool_set_recall@5": 0.035378787878787885,
  "tool_set_recall@50": 0.08006060606060604,
  "transition_accuracy": 0.0
}