{
  "completeness@10": 0.006363636363636364,
  "completeness@100": 0.02727272727272727,
  "completeness@20": 0.014545454545454545,
  "completeness@5": 0.0009090909090909091,
  "completeness@50": 0.026363636363636363,
  "evaluated_queries": 1100,
  "first_tool_accuracy": 0.0,
  "kendall_tau": 0.0,
  "mrr@10": 0.030494227994227997,
  "mrr@100": 0.03462704193778209,
  "mrr@20": 0.03394545232576475,
  "mrr@5": 0.02672727272727272,
  "mrr@50": 0.034279809723538585,
  "ndcg@10": 0.02514733698965658,
  "ndcg@100": 0.039522016802315076,
  "ndcg@20": 0.03404460464866147,
  "ndcg@5": 0.01861796764183128,
  "ndcg@50": 0.03681296503588742,
  "prediction_path": "runs/m7_joint_reranker/predictions/capability/shared_encoder/reranked_predictions.jsonl",
  "recall@10": 0.03915151515151517,
  "recall@100": 0.09019696969696966,
  "recall@20": 0.06665151515151513,
  "recall@5": 0.022227272727272724,
  "recall@50": 0.07725757575757573,
  "sequence_evaluated_queries": 0,
  "tool_set_recall@10": 0.03915151515151517,
  "tool_set_recall@100": 0.09019696969696966,
  "tool_set_recall@20": 0.06665151515151513,
  "tool_set_recall@5": 0.022227272727272724,
  "tool_set_recall@50": 0.07725757575757573,
  "transition_accuracy": 0.0
}