{
  "completeness@10": 0.005454545454545455,
  "completeness@100": 0.02727272727272727,
  "completeness@20": 0.016363636363636365,
  "completeness@5": 0.0018181818181818182,
  "completeness@50": 0.026363636363636363,
  "evaluated_queries": 1100,
  "first_tool_accuracy": 0.0,
  "kendall_tau": 0.0,
  "mrr@10": 0.03929473304473304,
  "mrr@100": 0.04302340756172652,
  "mrr@20": 0.042342626230291606,
  "mrr@5": 0.034848484848484844,
  "mrr@50": 0.04281765456677956,
  "ndcg@10": 0.03060981542712517,
  "ndcg@100": 0.043980070945865306,
  "ndcg@20": 0.03938241057657591,
  "ndcg@5": 0.023761167005578593,
  "ndcg@50": 0.042534868020415624,
  "prediction_path": "runs/m7_joint_reranker/predictions/capability/soft_code_distribution/reranked_predictions.jsonl",
  "recall@10": 0.04286363636363639,
  "recall@100": 0.08928787878787875,
  "recall@20": 0.0702121212121212,
  "recall@5": 0.0259090909090909,
  "recall@50": 0.08269696969696966,
  "sequence_evaluated_queries": 0,
  "tool_set_recall@10": 0.04286363636363639,
  "tool_set_recall@100": 0.08928787878787875,
  "tool_set_recall@20": 0.0702121212121212,
  "tool_set_recall@5": 0.0259090909090909,
  "tool_set_recall@50": 0.08269696969696966,
  "transition_accuracy": 0.0
}