{
  "completeness@10": 0.0036363636363636364,
  "completeness@100": 0.02727272727272727,
  "completeness@20": 0.013636363636363636,
  "completeness@5": 0.0009090909090909091,
  "completeness@50": 0.026363636363636363,
  "evaluated_queries": 1100,
  "first_tool_accuracy": 0.0,
  "kendall_tau": 0.0,
  "mrr@10": 0.027120129870129864,
  "mrr@100": 0.03242919835363257,
  "mrr@20": 0.03175146232414737,
  "mrr@5": 0.02346969696969697,
  "mrr@50": 0.03234366312513519,
  "ndcg@10": 0.020457246521428968,
  "ndcg@100": 0.03785551581812603,
  "ndcg@20": 0.03313925366297387,
  "ndcg@5": 0.014589260089225243,
  "ndcg@50": 0.036967650973775176,
  "prediction_path": "runs/m7_reranker/predictions/capability/reranked_predictions.jsonl",
  "recall@10": 0.030212121212121208,
  "recall@100": 0.08959090909090905,
  "recall@20": 0.07065151515151513,
  "recall@5": 0.015484848484848487,
  "recall@50": 0.08542424242424237,
  "sequence_evaluated_queries": 0,
  "tool_set_recall@10": 0.030212121212121208,
  "tool_set_recall@100": 0.08959090909090905,
  "tool_set_recall@20": 0.07065151515151513,
  "tool_set_recall@5": 0.015484848484848487,
  "tool_set_recall@50": 0.08542424242424237,
  "transition_accuracy": 0.0
}